Codigo_acesso,Organismo,Localizacao_subcelular,sequencia,peptideo_sinal
Q45493, Bacillus subtilis (strain 168),citplasmatica,MQNPFVPQLVYIEPRALEYPLGQELQDKFENMGIEIRETTSHNQVRNIPGKNHLQQYRNAKSTLVIGVRKTLKFDSSKPSAEYAIPFATGCMGHCHYCYLQTTMGSKPYIRTYVNVEEILDQADKYMKERAPEFTRFEASCTSDIVGIDHLTHTLKRAIEHFGQSDLGKLRFVTKFHHVDHLLDAKHNGKTRFRFSINADYVIKNFEPGTSPLDKRIEAAVKVAKAGYPLGFIVAPIYIHEGWEEGYRHLFEKLDAALPQDVRHDITFELIQHRFTKPAKRVIEKNYPKTKLELDEEKRRYKWGRYGIGKYIYQKDEEHALREALESYIDTFFPNAKIEYFT,Sim
Q45494, Bacillus subtilis (strain 168),transmembranica,MKFVKNDQTAVFALGGLGEIGKNTYAVQFQDEIVLIDAGIKFPEDELLGIDYVIPDYTYL VKNEDKIKGLFITHGHEDHIGGIPYLLRQVNIPVYGGKLAIGLLRNKLEEHGLLRQTKLN IIGEDDIVKFRKTAVSFFRTTHSIPDSYGIVVKTPPGNIVHTGDFKFDFTPVGEPANLTK MAEIGKEGVLCLLSDSTNSENPEFTMSERRVGESIHDIFRKVDGRIIFATFASNIHRLQQ VIEAAVQNGRKVAVFGRSMESAIEIGQTLGYINCPKNTFIEHNEINRMPANKVTILCTGS QGEPMAALSRIANGTHRQISINPGDTVVFSSSPIPGNTISVSRTINQLYRAGAEVIHGPL NDIHTSGHGGQEEQKLMLRLIKPKFF,
Q45495, Bacillus subtilis (strain 168),transmembranica,MQNPFVPQLVYIEPRALEYPLGQELQDKFENMGIEIRETTSHNQVRNIPGKNHLQQYRNA KSTLVIGVRKTLKFDSSKPSAEYAIPFATGCMGHCHYCYLQTTMGSKPYIRTYVNVEEIL DQADKYMKERAPEFTRFEASCTSDIVGIDHLTHTLKRAIEHFGQSDLGKLRFVTKFHHVD HLLDAKHNGKTRFRFSINADYVIKNFEPGTSPLDKRIEAAVKVAKAGYPLGFIVAPIYIH EGWEEGYRHLFEKLDAALPQDVRHDITFELIQHRFTKPAKRVIEKNYPKTKLELDEEKRR YKWGRYGIGKYIYQKDEEHALREALESYIDTFFPNAKIEYFT,Nao
Q45496, Bacillus subtilis (strain 168),transmembranica,MQNPFVPQLVYIEPRALEYPLGQELQDKFENMGIEIRETTSHNQVRNIPGKNHLQQYRNA KSTLVIGVRKTLKFDSSKPSAEYAIPFATGCMGHCHYCYLQTTMGSKPYIRTYVNVEEIL DQADKYMKERAPEFTRFEASCTSDIVGIDHLTHTLKRAIEHFGQSDLGKLRFVTKFHHVD HLLDAKHNGKTRFRFSINADYVIKNFEPGTSPLDKRIEAAVKVAKAGYPLGFIVAPIYIH EGWEEGYRHLFEKLDAALPQDVRHDITFELIQHRFTKPAKRVIEKNYPKTKLELDEEKRR YKWGRYGIGKYIYQKDEEHALREALESYIDTFFPNAKIEYFT,Sim
Q45497, Bacillus subtilis (strain 168),transmembranica,MKEIVTLTNVSYEVKDQTVFKHVNASVQQGDIIGIIGKNGAGKSTLLHLIHNDLAPAQGQ ILRKDIKLALVEQETAAYSFADQTPAEKKLLEKWHVPLRDFHQLSGGEKLKARLAKGLSE DADLLLLDEPTNHLDEKSLQFLIQQLKHYNGTVILVSHDRYFLDEAATKIWSLEDQTLIE FKGNYSGYMKFREKKRLTQQREYEKQQKMVERIEAQMNGLASWSEKAHAQSTKKEGFKEY HRVKAKRTDAQIKSKQKRLEKELEKAKAEPVTPEYTVRFSIDTTHKTGKRFLEVQNVTKA FGERTLFKNANFTIQHGEKVAIIGPNGSGKTTLLNIILGQETAEGSVWVSPSANIGYLTQ EVFDLPLEQTPEELFENETFKARGHVQNLMRHLGFTAAQWTEPIKHMSMGERVKIKLMAY ILEEKDVLILDEPTNHLDLPSREQLEETLSQYSGTLLAVSHDRYFLEKTTNSKLVISNNG IEKQLNDVPSERNEREELRLKLETERQEVLGKLSFMTPNDKGYKELDQAFNELTKRIKEL DHQDKKD,Sim
Q45498, Bacillus subtilis (strain 168),transmembranica,MKEIVTLTNVSYEVKDQTVFKHVNASVQQGDIIGIIGKNGAGKSTLLHLIHNDLAPAQGQ ILRKDIKLALVEQETAAYSFADQTPAEKKLLEKWHVPLRDFHQLSGGEKLKARLAKGLSE DADLLLLDEPTNHLDEKSLQFLIQQLKHYNGTVILVSHDRYFLDEAATKIWSLEDQTLIE FKGNYSGYMKFREKKRLTQQREYEKQQKMVERIEAQMNGLASWSEKAHAQSTKKEGFKEY HRVKAKRTDAQIKSKQKRLEKELEKAKAEPVTPEYTVRFSIDTTHKTGKRFLEVQNVTKA FGERTLFKNANFTIQHGEKVAIIGPNGSGKTTLLNIILGQETAEGSVWVSPSANIGYLTQ EVFDLPLEQTPEELFENETFKARGHVQNLMRHLGFTAAQWTEPIKHMSMGERVKIKLMAY ILEEKDVLILDEPTNHLDLPSREQLEETLSQYSGTLLAVSHDRYFLEKTTNSKLVISNNG LRLKLETERQEVLGKLSFMTPNDKGYKELDQAFNELTKRIKEL DHQDKKD,Sim
Q45499, Bacillus subtilis (strain 168),transmembranica,MKEIVTLTNVSYEVKDQTVFKHVNASVQQGDIIGIIGKNGAGKSTLLHLIHNDLAPAQGQ ILRKDIKLALVEQETAAYSFADQTPAEKKLLEKWHVPLRDFHQLSGGEKLKARLAKGLSE DADLLLLDEPTNHLDEKSLQFLIQQLKHYNGTVILVSHDRYFLDEAATKIWSLEDQTLIE FKGNYSGYMKFREKKRLTQQREYEKQQKMVERIEAQMNGLASWSEKAHAQSTKKEGFKEY HRVKAKRTDAQIKSKQKRLEKELEKAKAEPVTPEYTVRFSIDTTHKTGKRFLEVQNVTKA FGERTLFKNANFTIQHGEKVAIIGPNGSGKTTLLNIILGQETAEGSVWVSPSANIGYLTQ EVFDLPLEQTPEELFENETFKARGHVQNLMRHLGFTAAQWTEPIKHMSMGERVKIKLMAY ILEEKDVLILDEPTNH,Sim
Q45500, Bacillus subtilis (strain 168),transmembranica, ILRKDIKLALVEQETAAYSFADQTPAEKKLLEKWHVPLRDFHQLSGGEKLKARLAKGLSE DADLLLLDEPTNHLDEKSLQFLIQQLKHYNGTVILVSHDRYFLDEAATKIWSLEDQTLIE FKGNYSGYMKFREKKRLTQQREYEKQQKMVERIEAQMNGLASWSEKAHAQSTKKEGFKEY HRVKAKRTDAQIKSKQKRLEKELEKAKAEPVTPEYTVRFSIDTTHKTGKRFLEVQNVTKA FGERTLFKNANFTIQHGEKVAIIGPNGSGKTTLLNIILGQETAEGSVWVSPSANIGYLTQ EVFDLPLEQTPEELFENETFKARGHVQNLMRHLGFTAAQWTEPIKHMSMGERVKIKLMAY ILEEKDVLILDEPTNHLDLPSREQLEETLSQYSGTLLAVSHDRYFLEKTTNSKLVISNNG QEVLGKLSFMTPNDKGYKELDQAFNELTKRIKEL DHQDKKD,Sim
Q45501, Bacillus subtilis (strain 168),transmembranica,MKEIVTLTNVSYEVKDQTVFKHVNASVQQGDIIGIIGKNGAGKSTLLHLIHNDLAPAQGQ ILRKDIKLALVEQETAAYSFADQTPAEKKLLEKWHVPLRDFHQLSGGEKLKARLAKGLSE DADLLLLDEPTNHLDEKSLQFLIQQLKHYNGTVILVSHDRYFLDEAATKIWSLEDQTLIE FKGNYSGYMKFREKKRLTQQREYEKQQKMVERIEAQMNGLASWSEKAHAQSTKKEGFKEY HRVKAKRTDAQIKSKQKRLEKELEKAKAEPVTPEYTVRFSIDTTHKTGKRFLEVQNVTKA FGERTLFKNANFTIQHGEKVAIIGPNGSGKTTLLNIILGQETAEGSVWVSPSANIGYLTQ EVFDLPLEQTPEELFENETFKARGHVQNLMRHLGFTAAQWTEPIKHMSMGERVKIKLMAY ILEEKDVLILDEPTNHLDLPSREQLEETLSQYSGTLLAVSHDRYFLEKTTNSKLVISNNG IEKQLNDVPSERNEREELRLKLETERQEVLGKLSFMTPNDKGYKELDQAFNELTKRIKEL DHQDKKD,Sim
Q45502, Bacillus subtilis (strain 168),transmembranica,MKEIVTLTNVSYEVKDQTVFKHVNASVQQGDIIGIIGKNGAGKSTLLHLIHNDLAPAQGQ ILRKDIKLALVEQETAAYSFADQTPAEKKLLEKWHVPLRDFHQLSGGEKLKARLAKGLSE DADLLLLDEPTNHLDEKSLQFLIQQLKHYNGTVILVSHDRYFLDEAATKIWSLEDQTLIE FKGNYSGYMKFREKKRLTQQREYEKQQKMVERIEAQMNGLASWSEKAHAQSTKKEGFKEY HRVKAKRTDAQIKSKQKRLEKELEKAKAEPVTPEYTVRFSIDTTHKTGKRFLEVQNVTKA FGERTLFKNANFTIQHGEKVAIIGPNGSGKTTLLNIILGQETAEGSVWVSPSANIGYLTQ EVFDLPLEQTPEELFENETFKARGHVQNLMRHLGFTAAQWTEPIKHMSMGERVKIKLMAY ILEEKDVLILDEPTNHLDLPSREQLEETLSQYSGTLLAVSHDRYFLEKTTNSKLVISNNG IEKQLNDVPSERNEREELRLKLETERQEVLGKLSFMTPNDKGYKELDQAFNELTKRIKEL DHQDKKD,Sim
Q45503, Bacillus subtilis (strain 168),citplasmatica,MQNPFVPQLVYIEPRALEYPLGQELQDKFENMGIEIRETTSHNQVRNIPGKNHLQQYRNA KSTLVIGVRKTLKFDSSKPSAEYAIPFATGCMGHCHYCYLQTTMGSKPYIRTYVNVEEIL DQADKYMKERAPEFTRFEASCTSDIVGIDHLTHTLKRAIEHFGQSDLGKLRFVTKFHHVD HLLDAKHNGKTRFRFSINADYVIKNFEPGTSPLDKRIEAAVKVAKAGYPLGFIVAPIYIH EGWEEGYRHLFEKLDAALPQDVRHDITFELIQHRFTKPAKRVIEKNYPKTKLELDEEKRR YKWGRYGIGKYIYQKDEEHALREALESYIDTFFPNAKIEYFT,Nao
Q45504, Bacillus subtilis (strain 168),transmembranica,MTRISREMMKELLSVYFIMGSNNTKADPVTVVQKALKGGATLYQFREKGGDALTGEARIK FAEKAQAACREAGVPFIVNDDVELALNLKADGIHIGQEDANAKEVRAAIGDMILGVSAHT MSEVKQAEEDGADYVGLGPIYPTETKKDTRAVQGVSLIEAVRRQGISIPIVGIGGITIDN AAPVIQAGADGVSMISAISQAEDPESAARKFREEIQTYKTGR,Sim
Q45505, Bacillus subtilis (strain 168),transmembranica,EVKQAEEDGADYVGLGPIYPTETKKDTRAVQGVSLIEAVRRQGISIPIVGIGGITIDN AAPVIQAGADGVSMISAISQAEDPESAARKFREEIQTYKTGR,Sim
Q45506, Bacillus subtilis (strain 168),transmembranica,MTRISREMMKELLSVYFIMGSNNTKADPVTVVQKALKGGATLYQFREKGGDALTGEARIK FAEKAQAACREAGVPFIVNDDVELALNLKADGIHIGQEDANAKEVRAAIGDMILGVSAHT MSEVKQAEEDGADYVGLGPIYPTETKKDTRAVQGVSLIEAVRRQGISIPIVGIGGITIDN AAPVIQAGADGVSMISAISQAEDPESAARKFREEIQTYKTGR,Sim
Q45507, Bacillus subtilis (strain 168),transmembranica,MKFVKNDQTAVFALGGLGEIGKNTYAVQFQDEIVLIDAGIKFPEDELLGIDYVIPDYTYL VKNEDKIKGLFITHGHEDHIGGIPYLLRQVNIPVYGGKLAIGLLRNKLEEHGLLRQTKLN IIGEDDIVKFRKTAVSFFRTTHSIPDSYGIVVKTPPGNIVHTGDFKFDFTPVGEPANLTK MAEIGKEGVLCLLSDSTNSENPEFTMSERRVGESIHDIFRKVDGRIIFATFASNIHRLQQ VIEAAVQNGRKVAVFGRSMESAIEIGQTLGYINCPKNTFIEHNEINRMPANKVTILCTGS QGEPMAALSRIANGTHRQISINPGDTVVFSSSPIPGNTISVSRTINQLYRAGAEVIHGPL NDIHTSGHGGQEEQKLMLRLIKPKFFMPIHGEYRMQKMHVKLATDCGIPEENCFIMDNGE VLALKGDEASVAGKIPSGSVYIDGSGIGDIGNIVLRDRRILSEEGLVIVVVSIDMDDFKI SAGPDLISRGFVYMRESGDLINDAQELISNHLQKVMERKTTQWSEIKNEITDTLAPFLYE KTKRRPMILPIIMEV,Sim
Q45508, Bacillus subtilis (strain 168),transmembranica,MKFVKNDQTAVFALGGLGEIGKNTYAVQFQDEIVLIDAGIKFPEDELLGIDYVIPDYTYL VKNEDKIKGLFITHGHEDHIGGIPYLLRQVNIPVYGGKLAIGLLRNKLEEHGLLRQTKLN IIGEDDIVKFRKTAVSFFRTTHSIPDSYGIVVKTPPGNIVHTGDFKFDFTPVGEPANLTK MAEIGKEGVLCLLSDSTNSENPEFTMSERRVGESIHDIFRKVDGRIIFATFASNIHRLQQ VIEAAVQNGRKVAVFGRSMESAIEIGQTLGYINCPKNTFIEHNEINRMPANKVTILCTGS QGEPMAALSRIANGTHRQISINPGDTVVFSSSPIPGNTISVSRTINQLYRAGAEVIHGPL NDIHTSGHGGQEEQKLMLRLIKPKFF,Sim
Q45509, Bacillus subtilis (strain 168),transmembranica,MQNPFVPQLVYIEPRALEYPLGQELQDKFENMGIEIRETTSHNQVRNIPGKNHLQQYRNA KSTLVIGVRKTLKFDSSKPSAEYAIPFATGCMGHCHYCYLQTTMGSKPYIRTYVNVEEIL DQADKYMKERAPEFTRFEASCTSDIVGIDHLTHTLKRAIEHFGQSDLGKLRFVTKFHHVD HLLDAKHNGKTRFRFSINADYVIKNFEPGTSPLDKRIEAAVKVAKAGYPLGFIVAPIYIH EGWEEGYRHLFEKLDAALPQDVRHDITFELIQHRFTKPAKRVIEKNYPKTKLELDEEKRR YKWGRYGIGKYIYQKDEEHALREALESYIDTFFPNAKIEYFT,Sim
Q45510, Bacillus subtilis (strain 168),transmembranica,MQNPFVPQLVYIEPRALEYPLGQELQDKFENMGIEIRETTSHNQVRNIPGKNHLQQYRNA KSTLVIGVRKTLKFDSSKPSAEYAIPFATGCMGHCHYCYLQTTMGSKPYIRTYVNVEEIL DQADKYMKERAPEFTRFEASCTSDIVGIDHLTHTLKRAIEHFGQSDLGKLRFVTKFHHVD HLLDAKHNGKTRFRFSINADYVIKNFEPGTSPLDKRIEAAVKVAKAGYPLGFIVAPIYIH EGWEEGYRHLFEKLDAALPQDVRHDITFELIQHRFTKPAKRVIEKNYPKTKLELDEEKRR YKWGRYGIGKYIYQKDEEHALREALESYIDTFFPNAKIEYFT,Sim
Q45511, Bacillus subtilis (strain 168),citplasmatica,MKEIVTLTNVSYEVKDQTVFKHVNASVQQGDIIGIIGKNGAGKSTLLHLIHNDLAPAQGQ ILRKDIKLALVEQETAAYSFADQTPAEKKLLEKWHVPLRDFHQLSGGEKLKARLAKGLSE DADLLLLDEPTNHLDEKSLQFLIQQLKHYNGTVILVSHDRYFLDEAATKIWSLEDQTLIE FKGNYSGYMKFREKKRLTQQREYEKQQKMVERIEAQMNGLASWSEKAHAQSTKKEGFKEY HRVKAKRTDAQIKSKQKRLEKELEKAKAEPVTPEYTVRFSIDTTHKTGKRFLEVQNVTKA FGERTLFKNANFTIQHGEKVAIIGPNGSGKTTLLNIILGQETAEGSVWVSPSANIGYLTQ EVFDLPLEQTPEELFENETFKARGHVQNLMRHLGFTAAQWTEPIKHMSMGERVKIKLMAY ILEEKDVLILDEPTNHLDLPSREQLEETLSQYSGTLLAVSHDRYFLEKTTNSKLVISNNG IEKQLNDVPSERNEREELRLKLETERQEVLGKLSFMTPNDKGYKELDQAFNELTKRIKEL DHQDKKD,Nao
Q45512, Bacillus subtilis (strain 168),citplasmatica,MKEIVTLTNVSYEVKDQTVFKHVNASVQQGDIIGIIGKNGAGKSTLLHLIHNDLAPAQGQ ILRKDIKLALVEQETAAYSFADQTPAEKKLLEKWHVPLRDFHQLSGGEKLKARLAKGLSE DADLLLLDEPTNHLDEKSLQFLIQQLKHYNGTVILVSHDRYFLDEAATKIWSLEDQTLIE FKGNYSGYMKFREKKRLTQQREYEKQQKMVERIEAQMNGLASWSEKAHAQSTKKEGFKEY HRVKAKRTDAQIKSKQKRLEKELEKAKAEPVTPEYTVRFSIDTTHKTGKRFLEVQNVTKA FGERTLFKNANFTIQHGEKVAIIGPNGSGKTTLLNIILGQETAEGSVWVSPSANIGYLTQ EVFDLPLEQTPEELFENETFKARGHVQNLMRHLGFTAAQWTEPIKHMSMGERVKIKLMAY ILEEKDVLILDEPTNHLDLPSREQLEETLSQYSGTLLAVSHDRYFLEKTTNSKLVISNNG LRLKLETERQEVLGKLSFMTPNDKGYKELDQAFNELTKRIKEL DHQDKKD,Nao
Q45513, Bacillus subtilis (strain 168),citplasmatica,MKEIVTLTNVSYEVKDQTVFKHVNASVQQGDIIGIIGKNGAGKSTLLHLIHNDLAPAQGQ ILRKDIKLALVEQETAAYSFADQTPAEKKLLEKWHVPLRDFHQLSGGEKLKARLAKGLSE DADLLLLDEPTNHLDEKSLQFLIQQLKHYNGTVILVSHDRYFLDEAATKIWSLEDQTLIE FKGNYSGYMKFREKKRLTQQREYEKQQKMVERIEAQMNGLASWSEKAHAQSTKKEGFKEY HRVKAKRTDAQIKSKQKRLEKELEKAKAEPVTPEYTVRFSIDTTHKTGKRFLEVQNVTKA FGERTLFKNANFTIQHGEKVAIIGPNGSGKTTLLNIILGQETAEGSVWVSPSANIGYLTQ EVFDLPLEQTPEELFENETFKARGHVQNLMRHLGFTAAQWTEPIKHMSMGERVKIKLMAY ILEEKDVLILDEPTNH,Nao
Q45514, Bacillus subtilis (strain 168),citplasmatica, ILRKDIKLALVEQETAAYSFADQTPAEKKLLEKWHVPLRDFHQLSGGEKLKARLAKGLSE DADLLLLDEPTNHLDEKSLQFLIQQLKHYNGTVILVSHDRYFLDEAATKIWSLEDQTLIE FKGNYSGYMKFREKKRLTQQREYEKQQKMVERIEAQMNGLASWSEKAHAQSTKKEGFKEY HRVKAKRTDAQIKSKQKRLEKELEKAKAEPVTPEYTVRFSIDTTHKTGKRFLEVQNVTKA FGERTLFKNANFTIQHGEKVAIIGPNGSGKTTLLNIILGQETAEGSVWVSPSANIGYLTQ EVFDLPLEQTPEELFENETFKARGHVQNLMRHLGFTAAQWTEPIKHMSMGERVKIKLMAY ILEEKDVLILDEPTNHLDLPSREQLEETLSQYSGTLLAVSHDRYFLEKTTNSKLVISNNG QEVLGKLSFMTPNDKGYKELDQAFNELTKRIKEL DHQDKKD,Nao
Q45515, Bacillus subtilis (strain 168),citplasmatica,MKEIVTLTNVSYEVKDQTVFKHVNASVQQGDIIGIIGKNGAGKSTLLHLIHNDLAPAQGQ ILRKDIKLALVEQETAAYSFADQTPAEKKLLEKWHVPLRDFHQLSGGEKLKARLAKGLSE DADLLLLDEPTNHLDEKSLQFLIQQLKHYNGTVILVSHDRYFLDEAATKIWSLEDQTLIE FKGNYSGYMKFREKKRLTQQREYEKQQKMVERIEAQMNGLASWSEKAHAQSTKKEGFKEY HRVKAKRTDAQIKSKQKRLEKELEKAKAEPVTPEYTVRFSIDTTHKTGKRFLEVQNVTKA FGERTLFKNANFTIQHGEKVAIIGPNGSGKTTLLNIILGQETAEGSVWVSPSANIGYLTQ EVFDLPLEQTPEELFENETFKARGHVQNLMRHLGFTAAQWTEPIKHMSMGERVKIKLMAY ILEEKDVLILDEPTNHLDLPSREQLEETLSQYSGTLLAVSHDRYFLEKTTNSKLVISNNG IEKQLNDVPSERNEREELRLKLETERQEVLGKLSFMTPNDKGYKELDQAFNELTKRIKEL DHQDKKD,Nao
Q45516, Bacillus subtilis (strain 168),citplasmatica,MKEIVTLTNVSYEVKDQTVFKHVNASVQQGDIIGIIGKNGAGKSTLLHLIHNDLAPAQGQ ILRKDIKLALVEQETAAYSFADQTPAEKKLLEKWHVPLRDFHQLSGGEKLKARLAKGLSE DADLLLLDEPTNHLDEKSLQFLIQQLKHYNGTVILVSHDRYFLDEAATKIWSLEDQTLIE FKGNYSGYMKFREKKRLTQQREYEKQQKMVERIEAQMNGLASWSEKAHAQSTKKEGFKEY HRVKAKRTDAQIKSKQKRLEKELEKAKAEPVTPEYTVRFSIDTTHKTGKRFLEVQNVTKA FGERTLFKNANFTIQHGEKVAIIGPNGSGKTTLLNIILGQETAEGSVWVSPSANIGYLTQ EVFDLPLEQTPEELFENETFKARGHVQNLMRHLGFTAAQWTEPIKHMSMGERVKIKLMAY ILEEKDVLILDEPTNHLDLPSREQLEETLSQYSGTLLAVSHDRYFLEKTTNSKLVISNNG IEKQLNDVPSERNEREELRLKLETERQEVLGKLSFMTPNDKGYKELDQAFNELTKRIKEL DHQDKKD,Nao
Q45517, Bacillus subtilis (strain 168),citplasmatica,MQNPFVPQLVYIEPRALEYPLGQELQDKFENMGIEIRETTSHNQVRNIPGKNHLQQYRNA KSTLVIGVRKTLKFDSSKPSAEYAIPFATGCMGHCHYCYLQTTMGSKPYIRTYVNVEEIL DQADKYMKERAPEFTRFEASCTSDIVGIDHLTHTLKRAIEHFGQSDLGKLRFVTKFHHVD HLLDAKHNGKTRFRFSINADYVIKNFEPGTSPLDKRIEAAVKVAKAGYPLGFIVAPIYIH EGWEEGYRHLFEKLDAALPQDVRHDITFELIQHRFTKPAKRVIEKNYPKTKLELDEEKRR YKWGRYGIGKYIYQKDEEHALREALESYIDTFFPNAKIEYFT,Nao
Q45518, Bacillus subtilis (strain 168),citplasmatica,MTRISREMMKELLSVYFIMGSNNTKADPVTVVQKALKGGATLYQFREKGGDALTGEARIK FAEKAQAACREAGVPFIVNDDVELALNLKADGIHIGQEDANAKEVRAAIGDMILGVSAHT MSEVKQAEEDGADYVGLGPIYPTETKKDTRAVQGVSLIEAVRRQGISIPIVGIGGITIDN AAPVIQAGADGVSMISAISQAEDPESAARKFREEIQTYKTGR,Nao
Q45519, Bacillus subtilis (strain 168),citplasmatica,EVKQAEEDGADYVGLGPIYPTETKKDTRAVQGVSLIEAVRRQGISIPIVGIGGITIDN AAPVIQAGADGVSMISAISQAEDPESAARKFREEIQTYKTGR,Nao
Q45520, Bacillus subtilis (strain 168),transmembranica,MTRISREMMKELLSVYFIMGSNNTKADPVTVVQKALKGGATLYQFREKGGDALTGEARIK FAEKAQAACREAGVPFIVNDDVELALNLKADGIHIGQEDANAKEVRAAIGDMILGVSAHT MSEVKQAEEDGADYVGLGPIYPTETKKDTRAVQGVSLIEAVRRQGISIPIVGIGGITIDN AAPVIQAGADGVSMISAISQAEDPESAARKFREEIQTYKTGR,Sim
Q45521, Bacillus subtilis (strain 168),transmembranica,MTRISREMMKELLSVYFIMGSNNTKADPVTVVQKALKGGATLYQFREKGGDALTGEARIK FAEKAQAACREAGVPFIVNDDVELALNLKADGIHIGQEDANAKEVRAAIGDMILGVSAHT MSEVKQAEEDGADYVGLGPIYPTETKKDTRAVQGVSLIEAVRRQGISIPIVGIGGITIDN AAPVIQAGADGVSMISAISQAEDPESAARKFREEIQTYKTGR,Sim
Q45522, Bacillus subtilis (strain 168),transmembranica,MTRISREMMKELLSVYFIMGSNNTKADPVTVVQKALKGGATLYQFREKGGDALTGEARIK FAEKAQAACREAGVPFIVNDDVELALNLKADGIHIGQEDANAKEVRAAIGDMILGVSAHT MSEVKQAEEDGADYVGLGPIYPTETKKDTRAVQGVSLIEAVRRQGISIPIVGIGGITIDN AAPVIQAGADGVSMISAISQAEDPESAARKFREEIQTYKTGR,Sim
Q45523, Bacillus subtilis (strain 168),transmembranica,MKFVKNDQTAVFALGGLGEIGKNTYAVQFQDEIVLIDAGIKFPEDELLGIDYVIPDYTYL VKNEDKIKGLFITHGHEDHIGGIPYLLRQVNIPVYGGKLAIGLLRNKLEEHGLLRQTKLN IIGEDDIVKFRKTAVSFFRTTHSIPDSYGIVVKTPPGNIVHTGDFKFDFTPVGEPANLTK MAEIGKEGVLCLLSDSTNSENPEFTMSERRVGESIHDIFRKVDGRIIFATFASNIHRLQQ VIEAAVQNGRKVAVFGRSMESAIEIGQTLGYINCPKNTFIEHNEINRMPANKVTILCTGS QGEPMAALSRIANGTHRQISINPGDTVVFSSSPIPGNTISVSRTINQLYRAGAEVIHGPL NDIHTSGHGGQEEQKLMLRLIKPKFFMPIHGEYRMQKMHVKLATDCGIPEENCFIMDNGE VLALKGDEASVAGKIPSGSVYIDGSGIGDIGNIVLRDRRILSEEGLVIVVVSIDMDDFKI SAGPDLISRGFVYMRESGDLINDAQELISNHLQKVMERKTTQWSEIKNEITDTLAPFLYE KTKRRPMILPIIMEV,Sim
Q45524, Bacillus subtilis (strain 168),transmembranica,MKFVKNDQTAVFALGGLGEIGKNTYAVQFQDEIVLIDAGIKFPEDELLGIDYVIPDYTYL VKNEDKIKGLFITHGHEDHIGGIPYLLRQVNIPVYGGKLAIGLLRNKLEEHGLLRQTKLN IIGEDDIVKFRKTAVSFFRTTHSIPDSYGIVVKTPPGNIVHTGDFKFDFTPVGEPANLTK MAEIGKEGVLCLLSDSTNSENPEFTMSERRVGESIHDIFRKVDGRIIFATFASNIHRLQQ VIEAAVQNGRKVAVFGRSMESAIEIGQTLGYINCPKNTFIEHNEINRMPANKVTILCTGS QGEPMAALSRIANGTHRQISINPGDTVVFSSSPIPGNTISVSRTINQLYRAGAEVIHGPL NDIHTSGHGGQEEQKLMLRLIKPKFF,Sim
Q45525, Bacillus subtilis (strain 168),transmembranica,MQNPFVPQLVYIEPRALEYPLGQELQDKFENMGIEIRETTSHNQVRNIPGKNHLQQYRNA KSTLVIGVRKTLKFDSSKPSAEYAIPFATGCMGHCHYCYLQTTMGSKPYIRTYVNVEEIL DQADKYMKERAPEFTRFEASCTSDIVGIDHLTHTLKRAIEHFGQSDLGKLRFVTKFHHVD HLLDAKHNGKTRFRFSINADYVIKNFEPGTSPLDKRIEAAVKVAKAGYPLGFIVAPIYIH EGWEEGYRHLFEKLDAALPQDVRHDITFELIQHRFTKPAKRVIEKNYPKTKLELDEEKRR YKWGRYGIGKYIYQKDEEHALREALESYIDTFFPNAKIEYFT,Sim
Q45526, Bacillus subtilis (strain 168),transmembranica,MQNPFVPQLVYIEPRALEYPLGQELQDKFENMGIEIRETTSHNQVRNIPGKNHLQQYRNA KSTLVIGVRKTLKFDSSKPSAEYAIPFATGCMGHCHYCYLQTTMGSKPYIRTYVNVEEIL DQADKYMKERAPEFTRFEASCTSDIVGIDHLTHTLKRAIEHFGQSDLGKLRFVTKFHHVD HLLDAKHNGKTRFRFSINADYVIKNFEPGTSPLDKRIEAAVKVAKAGYPLGFIVAPIYIH EGWEEGYRHLFEKLDAALPQDVRHDITFELIQHRFTKPAKRVIEKNYPKTKLELDEEKRR YKWGRYGIGKYIYQKDEEHALREALESYIDTFFPNAKIEYFT,Sim
Q45527, Bacillus subtilis (strain 168),transmembranica,MKEIVTLTNVSYEVKDQTVFKHVNASVQQGDIIGIIGKNGAGKSTLLHLIHNDLAPAQGQ ILRKDIKLALVEQETAAYSFADQTPAEKKLLEKWHVPLRDFHQLSGGEKLKARLAKGLSE DADLLLLDEPTNHLDEKSLQFLIQQLKHYNGTVILVSHDRYFLDEAATKIWSLEDQTLIE FKGNYSGYMKFREKKRLTQQREYEKQQKMVERIEAQMNGLASWSEKAHAQSTKKEGFKEY HRVKAKRTDAQIKSKQKRLEKELEKAKAEPVTPEYTVRFSIDTTHKTGKRFLEVQNVTKA FGERTLFKNANFTIQHGEKVAIIGPNGSGKTTLLNIILGQETAEGSVWVSPSANIGYLTQ EVFDLPLEQTPEELFENETFKARGHVQNLMRHLGFTAAQWTEPIKHMSMGERVKIKLMAY ILEEKDVLILDEPTNHLDLPSREQLEETLSQYSGTLLAVSHDRYFLEKTTNSKLVISNNG IEKQLNDVPSERNEREELRLKLETERQEVLGKLSFMTPNDKGYKELDQAFNELTKRIKEL DHQDKKD,Sim
Q45528, Bacillus subtilis (strain 168),transmembranica,MKEIVTLTNVSYEVKDQTVFKHVNASVQQGDIIGIIGKNGAGKSTLLHLIHNDLAPAQGQ ILRKDIKLALVEQETAAYSFADQTPAEKKLLEKWHVPLRDFHQLSGGEKLKARLAKGLSE DADLLLLDEPTNHLDEKSLQFLIQQLKHYNGTVILVSHDRYFLDEAATKIWSLEDQTLIE FKGNYSGYMKFREKKRLTQQREYEKQQKMVERIEAQMNGLASWSEKAHAQSTKKEGFKEY HRVKAKRTDAQIKSKQKRLEKELEKAKAEPVTPEYTVRFSIDTTHKTGKRFLEVQNVTKA FGERTLFKNANFTIQHGEKVAIIGPNGSGKTTLLNIILGQETAEGSVWVSPSANIGYLTQ EVFDLPLEQTPEELFENETFKARGHVQNLMRHLGFTAAQWTEPIKHMSMGERVKIKLMAY ILEEKDVLILDEPTNHLDLPSREQLEETLSQYSGTLLAVSHDRYFLEKTTNSKLVISNNG LRLKLETERQEVLGKLSFMTPNDKGYKELDQAFNELTKRIKEL DHQDKKD,Sim
Q45529, Bacillus subtilis (strain 168),citplasmatica,MKEIVTLTNVSYEVKDQTVFKHVNASVQQGDIIGIIGKNGAGKSTLLHLIHNDLAPAQGQ ILRKDIKLALVEQETAAYSFADQTPAEKKLLEKWHVPLRDFHQLSGGEKLKARLAKGLSE DADLLLLDEPTNHLDEKSLQFLIQQLKHYNGTVILVSHDRYFLDEAATKIWSLEDQTLIE FKGNYSGYMKFREKKRLTQQREYEKQQKMVERIEAQMNGLASWSEKAHAQSTKKEGFKEY HRVKAKRTDAQIKSKQKRLEKELEKAKAEPVTPEYTVRFSIDTTHKTGKRFLEVQNVTKA FGERTLFKNANFTIQHGEKVAIIGPNGSGKTTLLNIILGQETAEGSVWVSPSANIGYLTQ EVFDLPLEQTPEELFENETFKARGHVQNLMRHLGFTAAQWTEPIKHMSMGERVKIKLMAY ILEEKDVLILDEPTNH,Nao
Q45530, Bacillus subtilis (strain 168),citplasmatica, ILRKDIKLALVEQETAAYSFADQTPAEKKLLEKWHVPLRDFHQLSGGEKLKARLAKGLSE DADLLLLDEPTNHLDEKSLQFLIQQLKHYNGTVILVSHDRYFLDEAATKIWSLEDQTLIE FKGNYSGYMKFREKKRLTQQREYEKQQKMVERIEAQMNGLASWSEKAHAQSTKKEGFKEY HRVKAKRTDAQIKSKQKRLEKELEKAKAEPVTPEYTVRFSIDTTHKTGKRFLEVQNVTKA FGERTLFKNANFTIQHGEKVAIIGPNGSGKTTLLNIILGQETAEGSVWVSPSANIGYLTQ EVFDLPLEQTPEELFENETFKARGHVQNLMRHLGFTAAQWTEPIKHMSMGERVKIKLMAY ILEEKDVLILDEPTNHLDLPSREQLEETLSQYSGTLLAVSHDRYFLEKTTNSKLVISNNG QEVLGKLSFMTPNDKGYKELDQAFNELTKRIKEL DHQDKKD,Nao
Q45531, Bacillus subtilis (strain 168),citplasmatica,MKEIVTLTNVSYEVKDQTVFKHVNASVQQGDIIGIIGKNGAGKSTLLHLIHNDLAPAQGQ ILRKDIKLALVEQETAAYSFADQTPAEKKLLEKWHVPLRDFHQLSGGEKLKARLAKGLSE DADLLLLDEPTNHLDEKSLQFLIQQLKHYNGTVILVSHDRYFLDEAATKIWSLEDQTLIE FKGNYSGYMKFREKKRLTQQREYEKQQKMVERIEAQMNGLASWSEKAHAQSTKKEGFKEY HRVKAKRTDAQIKSKQKRLEKELEKAKAEPVTPEYTVRFSIDTTHKTGKRFLEVQNVTKA FGERTLFKNANFTIQHGEKVAIIGPNGSGKTTLLNIILGQETAEGSVWVSPSANIGYLTQ EVFDLPLEQTPEELFENETFKARGHVQNLMRHLGFTAAQWTEPIKHMSMGERVKIKLMAY ILEEKDVLILDEPTNHLDLPSREQLEETLSQYSGTLLAVSHDRYFLEKTTNSKLVISNNG IEKQLNDVPSERNEREELRLKLETERQEVLGKLSFMTPNDKGYKELDQAFNELTKRIKEL DHQDKKD,Nao
Q45532, Bacillus subtilis (strain 168),citplasmatica,MKEIVTLTNVSYEVKDQTVFKHVNASVQQGDIIGIIGKNGAGKSTLLHLIHNDLAPAQGQ ILRKDIKLALVEQETAAYSFADQTPAEKKLLEKWHVPLRDFHQLSGGEKLKARLAKGLSE DADLLLLDEPTNHLDEKSLQFLIQQLKHYNGTVILVSHDRYFLDEAATKIWSLEDQTLIE FKGNYSGYMKFREKKRLTQQREYEKQQKMVERIEAQMNGLASWSEKAHAQSTKKEGFKEY HRVKAKRTDAQIKSKQKRLEKELEKAKAEPVTPEYTVRFSIDTTHKTGKRFLEVQNVTKA FGERTLFKNANFTIQHGEKVAIIGPNGSGKTTLLNIILGQETAEGSVWVSPSANIGYLTQ EVFDLPLEQTPEELFENETFKARGHVQNLMRHLGFTAAQWTEPIKHMSMGERVKIKLMAY ILEEKDVLILDEPTNHLDLPSREQLEETLSQYSGTLLAVSHDRYFLEKTTNSKLVISNNG IEKQLNDVPSERNEREELRLKLETERQEVLGKLSFMTPNDKGYKELDQAFNELTKRIKEL DHQDKKD,Nao
Q45533, Bacillus subtilis (strain 168),citplasmatica,MQNPFVPQLVYIEPRALEYPLGQELQDKFENMGIEIRETTSHNQVRNIPGKNHLQQYRNA KSTLVIGVRKTLKFDSSKPSAEYAIPFATGCMGHCHYCYLQTTMGSKPYIRTYVNVEEIL DQADKYMKERAPEFTRFEASCTSDIVGIDHLTHTLKRAIEHFGQSDLGKLRFVTKFHHVD HLLDAKHNGKTRFRFSINADYVIKNFEPGTSPLDKRIEAAVKVAKAGYPLGFIVAPIYIH EGWEEGYRHLFEKLDAALPQDVRHDITFELIQHRFTKPAKRVIEKNYPKTKLELDEEKRR YKWGRYGIGKYIYQKDEEHALREALESYIDTFFPNAKIEYFT,Nao
Q45534, Bacillus subtilis (strain 168),transmembranica,MTRISREMMKELLSVYFIMGSNNTKADPVTVVQKALKGGATLYQFREKGGDALTGEARIK FAEKAQAACREAGVPFIVNDDVELALNLKADGIHIGQEDANAKEVRAAIGDMILGVSAHT MSEVKQAEEDGADYVGLGPIYPTETKKDTRAVQGVSLIEAVRRQGISIPIVGIGGITIDN AAPVIQAGADGVSMISAISQAEDPESAARKFREEIQTYKTGR,Sim
Q45535, Bacillus subtilis (strain 168),transmembranica,MKFVKNDQTAVFALGGLGEIGKNTYAVQFQDEIVLIDAGIKFPEDELLGIDYVIPDYTYL VKNEDKIKGLFITHGHEDHIGGIPYLLRQVNIPVYGGKLAIGLLRNKLEEHGLLRQTKLN IIGEDDIVKFRKTAVSFFRTTHSIPDSYGIVVKTPPGNIVHTGDFKFDFTPVGEPANLTK MAEIGKEGVLCLLSDSTNSENPEFTMSERRVGESIHDIFRKVDGRIIFATFASNIHRLQQ VIEAAVQNGRKVAVFGRSMESAIEIGQTLGYINCPKNTFIEHNEINRMPANKVTILCTGS QGEPMAALSRIANGTHRQISINPGDTVVFSSSPIPGNTISVSRTINQLYRAGAEVIHGPL NDIHTSGHGGQEEQKLMLRLIKPKFFMPIHGEYRMQKMHVKLATDCGIPEENCFIMDNGE VLALKGDEASVAGKIPSGSVYIDGSGIGDIGNIVLRDRRILSEEGLVIVVVSIDMDDFKI SAGPDLISRGFVYMRESGDLINDAQELISNHLQKVMERKTTQWSEIKNEITDTLAPFLYE KTKRRPMILPIIMEV,Sim
Q45536, Bacillus subtilis (strain 168),transmembranica,MKFVKNDQTAVFALGGLGEIGKNTYAVQFQDEIVLIDAGIKFPEDELLGIDYVIPDYTYL VKNEDKIKGLFITHGHEDHIGGIPYLLRQVNIPVYGGKLAIGLLRNKLEEHGLLRQTKLN IIGEDDIVKFRKTAVSFFRTTHSIPDSYGIVVKTPPGNIVHTGDFKFDFTPVGEPANLTK MAEIGKEGVLCLLSDSTNSENPEFTMSERRVGESIHDIFRKVDGRIIFATFASNIHRLQQ VIEAAVQNGRKVAVFGRSMESAIEIGQTLGYINCPKNTFIEHNEINRMPANKVTILCTGS QGEPMAALSRIANGTHRQISINPGDTVVFSSSPIPGNTISVSRTINQLYRAGAEVIHGPL NDIHTSGHGGQEEQKLMLRLIKPKFF,Sim
Q45537, Bacillus subtilis (strain 168),citplasmatica,MQNPFVPQLVYIEPRALEYPLGQELQDKFENMGIEIRETTSHNQVRNIPGKNHLQQYRNA KSTLVIGVRKTLKFDSSKPSAEYAIPFATGCMGHCHYCYLQTTMGSKPYIRTYVNVEEIL DQADKYMKERAPEFTRFEASCTSDIVGIDHLTHTLKRAIEHFGQSDLGKLRFVTKFHHVD HLLDAKHNGKTRFRFSINADYVIKNFEPGTSPLDKRIEAAVKVAKAGYPLGFIVAPIYIH EGWEEGYRHLFEKLDAALPQDVRHDITFELIQHRFTKPAKRVIEKNYPKTKLELDEEKRR YKWGRYGIGKYIYQKDEEHALREALESYIDTFFPNAKIEYFT,Nao
Q45538, Bacillus subtilis (strain 168),citplasmatica,MQNPFVPQLVYIEPRALEYPLGQELQDKFENMGIEIRETTSHNQVRNIPGKNHLQQYRNA KSTLVIGVRKTLKFDSSKPSAEYAIPFATGCMGHCHYCYLQTTMGSKPYIRTYVNVEEIL DQADKYMKERAPEFTRFEASCTSDIVGIDHLTHTLKRAIEHFGQSDLGKLRFVTKFHHVD HLLDAKHNGKTRFRFSINADYVIKNFEPGTSPLDKRIEAAVKVAKAGYPLGFIVAPIYIH EGWEEGYRHLFEKLDAALPQDVRHDITFELIQHRFTKPAKRVIEKNYPKTKLELDEEKRR YKWGRYGIGKYIYQKDEEHALREALESYIDTFFPNAKIEYFT,Nao
Q45539, Bacillus subtilis (strain 168),citplasmatica,MKEIVTLTNVSYEVKDQTVFKHVNASVQQGDIIGIIGKNGAGKSTLLHLIHNDLAPAQGQ ILRKDIKLALVEQETAAYSFADQTPAEKKLLEKWHVPLRDFHQLSGGEKLKARLAKGLSE DADLLLLDEPTNHLDEKSLQFLIQQLKHYNGTVILVSHDRYFLDEAATKIWSLEDQTLIE FKGNYSGYMKFREKKRLTQQREYEKQQKMVERIEAQMNGLASWSEKAHAQSTKKEGFKEY HRVKAKRTDAQIKSKQKRLEKELEKAKAEPVTPEYTVRFSIDTTHKTGKRFLEVQNVTKA FGERTLFKNANFTIQHGEKVAIIGPNGSGKTTLLNIILGQETAEGSVWVSPSANIGYLTQ EVFDLPLEQTPEELFENETFKARGHVQNLMRHLGFTAAQWTEPIKHMSMGERVKIKLMAY ILEEKDVLILDEPTNHLDLPSREQLEETLSQYSGTLLAVSHDRYFLEKTTNSKLVISNNG IEKQLNDVPSERNEREELRLKLETERQEVLGKLSFMTPNDKGYKELDQAFNELTKRIKEL DHQDKKD,Nao
Q45540, Bacillus subtilis (strain 168),citplasmatica,MKEIVTLTNVSYEVKDQTVFKHVNASVQQGDIIGIIGKNGAGKSTLLHLIHNDLAPAQGQ ILRKDIKLALVEQETAAYSFADQTPAEKKLLEKWHVPLRDFHQLSGGEKLKARLAKGLSE DADLLLLDEPTNHLDEKSLQFLIQQLKHYNGTVILVSHDRYFLDEAATKIWSLEDQTLIE FKGNYSGYMKFREKKRLTQQREYEKQQKMVERIEAQMNGLASWSEKAHAQSTKKEGFKEY HRVKAKRTDAQIKSKQKRLEKELEKAKAEPVTPEYTVRFSIDTTHKTGKRFLEVQNVTKA FGERTLFKNANFTIQHGEKVAIIGPNGSGKTTLLNIILGQETAEGSVWVSPSANIGYLTQ EVFDLPLEQTPEELFENETFKARGHVQNLMRHLGFTAAQWTEPIKHMSMGERVKIKLMAY ILEEKDVLILDEPTNHLDLPSREQLEETLSQYSGTLLAVSHDRYFLEKTTNSKLVISNNG LRLKLETERQEVLGKLSFMTPNDKGYKELDQAFNELTKRIKEL DHQDKKD,Nao
Q45541, Bacillus subtilis (strain 168),citplasmatica,MKEIVTLTNVSYEVKDQTVFKHVNASVQQGDIIGIIGKNGAGKSTLLHLIHNDLAPAQGQ ILRKDIKLALVEQETAAYSFADQTPAEKKLLEKWHVPLRDFHQLSGGEKLKARLAKGLSE DADLLLLDEPTNHLDEKSLQFLIQQLKHYNGTVILVSHDRYFLDEAATKIWSLEDQTLIE FKGNYSGYMKFREKKRLTQQREYEKQQKMVERIEAQMNGLASWSEKAHAQSTKKEGFKEY HRVKAKRTDAQIKSKQKRLEKELEKAKAEPVTPEYTVRFSIDTTHKTGKRFLEVQNVTKA FGERTLFKNANFTIQHGEKVAIIGPNGSGKTTLLNIILGQETAEGSVWVSPSANIGYLTQ EVFDLPLEQTPEELFENETFKARGHVQNLMRHLGFTAAQWTEPIKHMSMGERVKIKLMAY ILEEKDVLILDEPTNH,Nao
